{"cameraMode":{"drawMode":0,"name":"Shaded","section":"Shading Mode"},"sceneLighting":true,"audioPlay":false,"sceneViewState":{"showFog":true,"showMaterialUpdate":false,"showSkybox":true,"showFlares":true,"showImageEffects":true,"showParticleSystems":true},"in2DMode":false,"pivot":{"x":-0.20458984375,"y":4.41259765625,"z":6.689453125},"rotation":{"x":-0.16239367425441743,"y":-0.06744328141212464,"z":0.011122207157313824,"w":-0.9843679666519165},"size":7.833962440490723,"orthographic":true}