{"cameraMode":{"drawMode":0,"name":"Shaded","section":"Shading Mode"},"sceneLighting":true,"audioPlay":false,"sceneViewState":{"showFog":true,"showMaterialUpdate":false,"showSkybox":true,"showFlares":true,"showImageEffects":true,"showParticleSystems":true},"in2DMode":false,"pivot":{"x":-3.3694372177124025,"y":15.55221939086914,"z":-4.179807186126709},"rotation":{"x":0.49944522976875307,"y":0.200201153755188,"z":-0.11984308063983917,"w":0.8343374729156494},"size":9.986217498779297,"orthographic":true}