{"cameraMode":{"drawMode":0,"name":"Shaded","section":"Shading Mode"},"sceneLighting":true,"audioPlay":false,"sceneViewState":{"showFog":true,"showMaterialUpdate":false,"showSkybox":true,"showFlares":true,"showImageEffects":true,"showParticleSystems":true},"in2DMode":false,"pivot":{"x":-2.2523763179779054,"y":12.317432403564454,"z":-7.948294162750244},"rotation":{"x":0.3988386392593384,"y":0.10962731391191483,"z":-0.048094648867845538,"w":0.9091836214065552},"size":9.536837577819825,"orthographic":true}