{"cameraMode":{"drawMode":0,"name":"Shaded","section":"Shading Mode"},"sceneLighting":true,"audioPlay":false,"sceneViewState":{"showFog":true,"showMaterialUpdate":true,"showSkybox":true,"showFlares":true,"showImageEffects":true,"showParticleSystems":true},"in2DMode":false,"pivot":{"x":27.46416664123535,"y":75.46875,"z":31.4705753326416},"rotation":{"x":0.3587173521518707,"y":-0.23960283398628236,"z":0.09580953419208527,"w":0.8970739245414734},"size":97.5210952758789,"orthographic":true}