{"cameraMode":{"drawMode":0,"name":"Shaded","section":"Shading Mode"},"sceneLighting":true,"audioPlay":false,"sceneViewState":{"showFog":true,"showMaterialUpdate":false,"showSkybox":true,"showFlares":true,"showImageEffects":true,"showParticleSystems":true},"in2DMode":false,"pivot":{"x":1.1275838613510132,"y":10.996240615844727,"z":26.959718704223634},"rotation":{"x":0.024951545521616937,"y":-0.9745334982872009,"z":0.1728084683418274,"w":0.14071175456047059},"size":83.0315933227539,"orthographic":true}