{"cameraMode":{"drawMode":0,"name":"Shaded","section":"Shading Mode"},"sceneLighting":false,"audioPlay":false,"sceneViewState":{"showFog":true,"showMaterialUpdate":false,"showSkybox":false,"showFlares":true,"showImageEffects":true,"showParticleSystems":true},"in2DMode":false,"pivot":{"x":5.960464477539063e-8,"y":0.4216398000717163,"z":0.008165478706359864},"rotation":{"x":0.014884158968925476,"y":-0.9830764532089233,"z":0.09317835420370102,"w":0.15703241527080537},"size":0.7843454480171204,"orthographic":true}