{"cameraMode":{"drawMode":0,"name":"Shaded","section":"Shading Mode"},"sceneLighting":false,"audioPlay":false,"sceneViewState":{"showFog":true,"showMaterialUpdate":false,"showSkybox":false,"showFlares":true,"showImageEffects":true,"showParticleSystems":true},"in2DMode":false,"pivot":{"x":0.05889749526977539,"y":0.2918967306613922,"z":-0.003615736961364746},"rotation":{"x":0.017894962802529336,"y":-0.9818354249000549,"z":0.12137923389673233,"w":0.14477449655532838},"size":0.7843454480171204,"orthographic":true}