{"cameraMode":{"drawMode":0,"name":"Shaded","section":"Shading Mode"},"sceneLighting":false,"audioPlay":false,"sceneViewState":{"showFog":true,"showMaterialUpdate":false,"showSkybox":false,"showFlares":true,"showImageEffects":true,"showParticleSystems":true},"in2DMode":false,"pivot":{"x":-0.0027695894241333009,"y":0.6583961844444275,"z":0.024197518825531007},"rotation":{"x":0.014884158968925476,"y":-0.9830764532089233,"z":0.09317835420370102,"w":0.15703241527080537},"size":1.2290517091751099,"orthographic":true}