{"cameraMode":{"drawMode":0,"name":"Shaded","section":"Shading Mode"},"sceneLighting":false,"audioPlay":false,"sceneViewState":{"showFog":true,"showMaterialUpdate":false,"showSkybox":false,"showFlares":true,"showImageEffects":true,"showParticleSystems":true},"in2DMode":false,"pivot":{"x":0.019366204738616945,"y":0.34678059816360476,"z":0.042664095759391788},"rotation":{"x":0.014884158968925476,"y":-0.9830764532089233,"z":0.09317835420370102,"w":0.15703241527080537},"size":0.9636023640632629,"orthographic":true}