{"cameraMode":{"drawMode":0,"name":"Shaded","section":"Shading Mode"},"sceneLighting":false,"audioPlay":false,"sceneViewState":{"showFog":true,"showMaterialUpdate":false,"showSkybox":false,"showFlares":true,"showImageEffects":true,"showParticleSystems":true},"in2DMode":false,"pivot":{"x":-1.7850799560546876,"y":1.09375,"z":5.5859375},"rotation":{"x":0.0015464596217498184,"y":-0.9179106950759888,"z":0.39677196741104128,"w":0.003578134346753359},"size":6.0879130363464359,"orthographic":true}